Game ID,Game Name,Brand,Category,Image URL
,"#Alice and the Mad Respin Party 96","RubyPlay",Slot,https://igamingapis.com/img/9560.png
,"#Alice in the Wild 96","RubyPlay",Slot,https://igamingapis.com/img/9582.png
,"#LuxuryLife","Endorphina",Slot,https://igamingapis.com/img/12428.png
,"1 Day Dragon Tiger","MAC 88",Live,https://igamingapis.com/img/11521.png
,"1-Of-A-Kind","Playtech",flash,https://imagedelivery.net/nVyft9zNw2I0pNVtrnC1zA/1161/public
,"10","RedTiger（Asia）",PVC,https://igamingapis.com/img/8527.png
,"10 - 10 cricket","MAC 88",Live,https://igamingapis.com/img/11509.png
,"10 CaiShen's Chest","EpicWin",flash,https://imagedelivery.net/nVyft9zNw2I0pNVtrnC1zA/1160/public
,"10 Sparkling Crown","JILI",Slot,https://imagedelivery.net/nVyft9zNw2I0pNVtrnC1zA/10035/public
,"100 Joker Staxx","Playson",flash,https://imagedelivery.net/nVyft9zNw2I0pNVtrnC1zA/1162/public
,"100 PokDeng","Rich88",flash,https://igamingapis.com/img/1163.png
,"100 Teen Patti","Rich88",flash,https://igamingapis.com/img/1164.png
,"100 Zombies","Endorphina",Slot,https://igamingapis.com/img/12402.png
,"100 Zombies Dice","Endorphina",Slot,https://igamingapis.com/img/12361.png
,"1000 Olympus Rivals","Amigo",Slot,https://imagedelivery.net/nVyft9zNw2I0pNVtrnC1zA/10020/public
,"10000 Wishes","Microgaming",Slots,https://imagedelivery.net/nVyft9zNw2I0pNVtrnC1zA/200/public
,"10001 Nights","RedTiger（Asia）",Slots,https://imagedelivery.net/nVyft9zNw2I0pNVtrnC1zA/8384/public
,"10001 Nights","RedTiger",flash,https://imagedelivery.net/nVyft9zNw2I0pNVtrnC1zA/1165/public
,"10001 Nights Megaways","RedTiger",flash,https://imagedelivery.net/nVyft9zNw2I0pNVtrnC1zA/1166/public
,"1000x Busta","RelaxGaming",flash,https://imagedelivery.net/nVyft9zNw2I0pNVtrnC1zA/1167/public
,"1001 Fruit Wishes","Amigo",Slot,https://imagedelivery.net/nVyft9zNw2I0pNVtrnC1zA/10021/public
,"100x Diamond 7","YGRGaming",flash,https://igamingapis.com/img/1168.png
,"100x Lions 7","YGRGaming",flash,https://igamingapis.com/img/1169.png
,"101 Candies","Netent（Asia）",Slots,https://igamingapis.com/img/6721.png
,"108 Heroes","Microgaming",flash,https://igamingapis.com/img/1170.png
,"108 Heroes Water Margin","Microgaming",flash,https://igamingapis.com/img/1171.png
,"10x Diamond 7","YGRGaming",flash,https://igamingapis.com/img/1172.png
,"10x Lions 7","YGRGaming",flash,https://igamingapis.com/img/1173.png
,"12 Skulls of the Dead","Microgaming",Slot,https://imagedelivery.net/nVyft9zNw2I0pNVtrnC1zA/10269/public
,"12 Zodiacs","Habanero",flash,https://imagedelivery.net/nVyft9zNw2I0pNVtrnC1zA/1174/public
,"123 Boom!","RelaxGaming",flash,https://imagedelivery.net/nVyft9zNw2I0pNVtrnC1zA/1175/public
,"15 Crystal Roses: A Tale of Love","PlaynGo",flash,https://imagedelivery.net/nVyft9zNw2I0pNVtrnC1zA/1176/public
,"15 Dragon Pearls: Hold and Win","3Oaks (BNG)",Slots,https://imagedelivery.net/nVyft9zNw2I0pNVtrnC1zA/7108/public
,"15 Tridents","Microgaming",Slots,https://imagedelivery.net/nVyft9zNw2I0pNVtrnC1zA/147/public
,"168 Lucky Bag","CQ9",Slot,https://imagedelivery.net/nVyft9zNw2I0pNVtrnC1zA/10148/public
,"1942 Sky Warrior","RedTiger（Asia）",Slots,https://imagedelivery.net/nVyft9zNw2I0pNVtrnC1zA/8518/public
,"1942: Sky Warrior","RedTiger",flash,https://imagedelivery.net/nVyft9zNw2I0pNVtrnC1zA/1177/public
,"1st Cricket League","Amigo",Slot,https://imagedelivery.net/nVyft9zNw2I0pNVtrnC1zA/10016/public
,"1Tap Mines","Turbogames World",MiniGames,https://igamingapis.com/img/7334.png
,"1Tap Mines","Turbogames Asia",MiniGames,https://imagedelivery.net/nVyft9zNw2I0pNVtrnC1zA/7293/public
,"2 Card Teenpatti","Aura Gaming",Casino Live,https://igamingapis.com/img/12901.png
,"2 card Teenpatti Fast","Aura Gaming",Casino Live,https://igamingapis.com/img/12892.png
,"2 Hand Casino Hold'em","Evolution Live",CasinoLive,https://imagedelivery.net/nVyft9zNw2I0pNVtrnC1zA/6312/public
,"2 Powerful Dragons","Skywind",flash,https://imagedelivery.net/nVyft9zNw2I0pNVtrnC1zA/1179/public
,"2 Wild 2 Die","Hacksaw Asia",flash,https://imagedelivery.net/nVyft9zNw2I0pNVtrnC1zA/1180/public
,"2 Wild 2 Die","Hacksaw World",Slot,https://imagedelivery.net/nVyft9zNw2I0pNVtrnC1zA/10800/public
,"2-8 Bar","MT GAMING",百人场,https://igamingapis.com/img/9351.png
,"20 20 Teenpatti 2","MAC 88",Live,https://igamingapis.com/img/11501.png
,"20 Blazing Clover","JILI",Slot,https://imagedelivery.net/nVyft9zNw2I0pNVtrnC1zA/10515/public
,"20 Hot Fruit Delights","GameArt",Slots,https://imagedelivery.net/nVyft9zNw2I0pNVtrnC1zA/6155/public
,"20-20 Teenpatti","MAC 88",Live,https://igamingapis.com/img/11523.png
,"20000 Leagues under the Sea","KA",Video Slot,https://igamingapis.com/img/11098.png
,"2016 Gladiators","Endorphina",Slot,https://igamingapis.com/img/12448.png
,"2020 Hit Slot","Endorphina",Slot,https://igamingapis.com/img/12414.png
,"2020 Teen Patti","Sexy",flash,https://igamingapis.com/img/1181.png
,"2021 Hit Slot","Endorphina",Slot,https://igamingapis.com/img/12392.png
,"2022 Hit Slot","Endorphina",Slot,https://igamingapis.com/img/12375.png
,"2023 Hit Slot","Endorphina",Slot,https://igamingapis.com/img/12351.png
,"2023 Hit Slot Dice","Endorphina",Slot,https://igamingapis.com/img/12328.png
,"2024 Hit Slot","Endorphina",Slot,https://igamingapis.com/img/12324.png
,"2025 Hit Slot","Endorphina",Slot,https://igamingapis.com/img/12475.png
,"2027 ISS","Endorphina",Slot,https://igamingapis.com/img/12447.png
,"24 Hour Grand Prix","RedTiger（Asia）",Slots,https://imagedelivery.net/nVyft9zNw2I0pNVtrnC1zA/8456/public
,"24 Hour Grand Prix","RedTiger",flash,https://imagedelivery.net/nVyft9zNw2I0pNVtrnC1zA/1182/public
,"24k Dragon","PlaynGo",flash,https://imagedelivery.net/nVyft9zNw2I0pNVtrnC1zA/1183/public
,"25000 Talons","Microgaming",Slots,https://imagedelivery.net/nVyft9zNw2I0pNVtrnC1zA/188/public
,"28 Mansions","Playtech",flash,https://imagedelivery.net/nVyft9zNw2I0pNVtrnC1zA/1184/public
,"29 Baccarat","MAC 88",Live,https://igamingapis.com/img/11527.png
,"29 Card Baccarat","Aura Gaming",Casino Live,https://igamingapis.com/img/12906.png
,"3 2 1 Go!","CQ9",flash,https://imagedelivery.net/nVyft9zNw2I0pNVtrnC1zA/883/public
,"3 African Drums","3Oaks (BNG)",Slots,https://imagedelivery.net/nVyft9zNw2I0pNVtrnC1zA/7109/public
,"3 Aztec Temples","3Oaks (BNG)",Slots,https://imagedelivery.net/nVyft9zNw2I0pNVtrnC1zA/7110/public
,"3 Big Barrels Aztec 90","RubyPlay",Slot,https://igamingapis.com/img/9877.png
,"3 Big Barrels Aztec 92","RubyPlay",Slot,https://igamingapis.com/img/9878.png
,"3 Big Barrels Aztec 94","RubyPlay",Slot,https://igamingapis.com/img/9875.png
,"3 Big Barrels Aztec 96","RubyPlay",Slot,https://igamingapis.com/img/9876.png
,"3 Big Barrels Buffalo 90","RubyPlay",Slot,https://igamingapis.com/img/9889.png
,"3 Big Barrels Buffalo 94","RubyPlay",Slot,https://igamingapis.com/img/9887.png
,"3 Big Barrels Buffalo 96","RubyPlay",Slot,https://igamingapis.com/img/9888.png
,"3 Buzzing Wilds","PragmaticPlay-Asia",HotSlots,https://imagedelivery.net/nVyft9zNw2I0pNVtrnC1zA/5262/public
,"3 Buzzing Wilds","PragmaticPlay-EU",HotSlots,https://imagedelivery.net/nVyft9zNw2I0pNVtrnC1zA/4686/public
,"3 Cards Judgement","MAC 88",Live,https://igamingapis.com/img/11416.png
,"3 Cards Judgement","Aura Gaming",Casino Live,https://igamingapis.com/img/12909.png
,"3 Charge Buffalo","JILI",flash,https://imagedelivery.net/nVyft9zNw2I0pNVtrnC1zA/1185/public
,"3 Chillies and Joker: Hold and Win","3Oaks (BNG)",Slots,https://imagedelivery.net/nVyft9zNw2I0pNVtrnC1zA/7111/public
,"3 China Pots","3Oaks (BNG)",Slots,https://imagedelivery.net/nVyft9zNw2I0pNVtrnC1zA/7112/public
,"3 Clover Pots","3Oaks (BNG)",Slots,https://imagedelivery.net/nVyft9zNw2I0pNVtrnC1zA/7113/public
,"3 Clover Pots Extra","3Oaks (BNG)",Slots,https://imagedelivery.net/nVyft9zNw2I0pNVtrnC1zA/7114/public
,"3 Clown Monty","PlaynGo",flash,https://imagedelivery.net/nVyft9zNw2I0pNVtrnC1zA/1186/public
,"3 Coin Fortune","Vplus",Slot,https://igamingapis.com/img/8704.png
,"3 Coin Golden Ox","JILI",Slot,https://imagedelivery.net/nVyft9zNw2I0pNVtrnC1zA/10509/public
,"3 Coin Towers","Endorphina",Slot,https://igamingapis.com/img/12476.png
,"3 Coin Treasures","TADAGaming",flash,https://imagedelivery.net/nVyft9zNw2I0pNVtrnC1zA/881/public
,"3 Coin Treasures","JILI",flash,https://imagedelivery.net/nVyft9zNw2I0pNVtrnC1zA/473/public
,"3 Coin Treasures 2","JILI",flash,https://imagedelivery.net/nVyft9zNw2I0pNVtrnC1zA/555/public
,"3 Coin Volcanoes","3Oaks (BNG)",Slots,https://imagedelivery.net/nVyft9zNw2I0pNVtrnC1zA/7115/public
,"3 Coin Wild Horse","JILI",flash,https://imagedelivery.net/nVyft9zNw2I0pNVtrnC1zA/163/public
,"3 Coin Wild Tiger","JILI",Slot,https://imagedelivery.net/nVyft9zNw2I0pNVtrnC1zA/10516/public
,"3 Coins","3Oaks (BNG)",Slots,https://imagedelivery.net/nVyft9zNw2I0pNVtrnC1zA/7116/public
,"3 Coins: Egypt","3Oaks (BNG)",Slots,https://imagedelivery.net/nVyft9zNw2I0pNVtrnC1zA/7117/public
,"3 Combo Bombs","Funky Games",Slot,https://igamingapis.com/img/13150.png
,"3 Combo of Olympus","Funky Games",Slot,https://igamingapis.com/img/13118.png
,"3 Combo Piggy","Funky Games",Slot,https://igamingapis.com/img/13119.png
,"3 Dancing Monkeys","PragmaticPlay-EU",HotSlots,https://imagedelivery.net/nVyft9zNw2I0pNVtrnC1zA/4990/public
,"3 Dancing Monkeys","PragmaticPlay-Asia",HotSlots,https://imagedelivery.net/nVyft9zNw2I0pNVtrnC1zA/5292/public
,"3 Egypt Chests","3Oaks (BNG)",Slots,https://imagedelivery.net/nVyft9zNw2I0pNVtrnC1zA/7118/public
,"3 Energy Crowns","Amigo",Slot,https://imagedelivery.net/nVyft9zNw2I0pNVtrnC1zA/10010/public
,"3 Fortune Souls","Amigo",Slot,https://imagedelivery.net/nVyft9zNw2I0pNVtrnC1zA/9997/public
,"3 Frozen Crowns","Amigo",Slot,https://imagedelivery.net/nVyft9zNw2I0pNVtrnC1zA/10018/public
,"3 Fruits Win: 10 Lines","Playson",flash,https://imagedelivery.net/nVyft9zNw2I0pNVtrnC1zA/1187/public
,"3 Genie Wishes","PragmaticPlay-Asia",HotSlots,https://igamingapis.com/img/5602.png
,"3 Genie Wishes","PragmaticPlay-EU",HotSlots,https://imagedelivery.net/nVyft9zNw2I0pNVtrnC1zA/4977/public
,"3 Golden Wishes","Skywind",flash,https://imagedelivery.net/nVyft9zNw2I0pNVtrnC1zA/1188/public
,"3 Hot Chillies","3Oaks (BNG)",Slots,https://imagedelivery.net/nVyft9zNw2I0pNVtrnC1zA/7119/public
,"3 Hungry Pandas","3Oaks (BNG)",Slots,https://imagedelivery.net/nVyft9zNw2I0pNVtrnC1zA/7120/public
,"3 Kingdoms - Battle of Red Cliffs","PragmaticPlay-Asia",HotSlots,https://igamingapis.com/img/5593.png
,"3 Kingdoms - Battle of Red Cliffs","PragmaticPlay-EU",HotSlots,https://imagedelivery.net/nVyft9zNw2I0pNVtrnC1zA/4970/public
,"3 Kings Scratch","BG",Scratch cards,https://igamingapis.com/img/11826.png
,"3 Kings Scratch","Bgaming",flash,https://imagedelivery.net/nVyft9zNw2I0pNVtrnC1zA/1189/public
,"3 Laughing Lions Power Combo","Microgaming",flash,https://igamingapis.com/img/1190.png
,"3 Lucky Baozhu","JILI",Slot,https://imagedelivery.net/nVyft9zNw2I0pNVtrnC1zA/10514/public
,"3 LUCKY LION","JILI",flash,https://imagedelivery.net/nVyft9zNw2I0pNVtrnC1zA/552/public
,"3 LUCKY PIGGY","TADAGaming",flash,https://imagedelivery.net/nVyft9zNw2I0pNVtrnC1zA/290/public
,"3 Lucky Piggy","JILI",flash,https://imagedelivery.net/nVyft9zNw2I0pNVtrnC1zA/1026/public
,"3 Magic Lamps: Hold and Win","3Oaks (BNG)",Slots,https://imagedelivery.net/nVyft9zNw2I0pNVtrnC1zA/7122/public
,"3 Muertos","Amigo",Slot,https://imagedelivery.net/nVyft9zNw2I0pNVtrnC1zA/10013/public
,"3 Pharaohs","Amigo",Slot,https://imagedelivery.net/nVyft9zNw2I0pNVtrnC1zA/10015/public
,"3 Pirate Barrels: Hold and Win","3Oaks (BNG)",Slots,https://imagedelivery.net/nVyft9zNw2I0pNVtrnC1zA/7123/public
,"3 Pot Dragons","TADAGaming",flash,https://imagedelivery.net/nVyft9zNw2I0pNVtrnC1zA/799/public
,"3 Pot Dragons","JILI",flash,https://imagedelivery.net/nVyft9zNw2I0pNVtrnC1zA/671/public
,"3 Pots of Egypt","3Oaks (BNG)",Slots,https://imagedelivery.net/nVyft9zNw2I0pNVtrnC1zA/7124/public
,"3 Pots Riches Extra: Hold and Win","3Oaks (BNG)",Slots,https://imagedelivery.net/nVyft9zNw2I0pNVtrnC1zA/7127/public
,"3 Pots Riches: Hold and Win","3Oaks (BNG)",Slots,https://imagedelivery.net/nVyft9zNw2I0pNVtrnC1zA/7128/public
,"3 Rich pigies","JILI",flash,https://imagedelivery.net/nVyft9zNw2I0pNVtrnC1zA/1191/public
,"3 Secret Cities","RelaxGaming",flash,https://imagedelivery.net/nVyft9zNw2I0pNVtrnC1zA/1192/public
,"3 Spirit Volcanoes","Amigo",Slot,https://imagedelivery.net/nVyft9zNw2I0pNVtrnC1zA/10002/public
,"3 Super Hot Chillies","3Oaks (BNG)",Slots,https://imagedelivery.net/nVyft9zNw2I0pNVtrnC1zA/7125/public
,"3 Thunders","Endorphina",Slot,https://igamingapis.com/img/12382.png
,"3 Tombs","Amigo",Slot,https://imagedelivery.net/nVyft9zNw2I0pNVtrnC1zA/10000/public
,"3 Totem Animals","Amigo",Slot,https://imagedelivery.net/nVyft9zNw2I0pNVtrnC1zA/10012/public
,"3 Witch&#039;s Lamp","JILI",Slot,https://imagedelivery.net/nVyft9zNw2I0pNVtrnC1zA/10511/public
,"3-card poker","MT GAMING",棋牌类,https://igamingapis.com/img/9323.png
,"32 Card Casino","Aura Gaming",Casino Live,https://igamingapis.com/img/12929.png
,"32 Cards","MAC 88",Live,https://igamingapis.com/img/11419.png
,"32 Cards","King Midas",Casino,https://imagedelivery.net/nVyft9zNw2I0pNVtrnC1zA/6782/public
,"32 Cards","Ezugi",flash,https://imagedelivery.net/nVyft9zNw2I0pNVtrnC1zA/474/public
,"32 cards casino","Aura Gaming",Casino Live,https://igamingapis.com/img/12916.png
,"3D Fishing","MT GAMING",捕鱼,https://igamingapis.com/img/9305.png
,"3x Monkeys","KA",Video Slot,https://igamingapis.com/img/11312.png
,"4 Bonuses Bonanza","Smartsoft",XGames,https://igamingapis.com/img/1194.png
,"4 Deals With The Devil","RelaxGaming",flash,https://imagedelivery.net/nVyft9zNw2I0pNVtrnC1zA/1193/public
,"4 Diamond Blues Megaways","Microgaming",flash,https://imagedelivery.net/nVyft9zNw2I0pNVtrnC1zA/1195/public
,"4 Dragon Kings","KA",Fish/Shooting,https://igamingapis.com/img/8813.png
,"4 of a King","Endorphina",Slot,https://igamingapis.com/img/12457.png
,"4 Secret Pyramids","RelaxGaming",flash,https://imagedelivery.net/nVyft9zNw2I0pNVtrnC1zA/1196/public
,"40 Super Heated Sevens","GameArt",Slots,https://imagedelivery.net/nVyft9zNw2I0pNVtrnC1zA/6156/public
,"4Squad","RedTiger（Asia）",Slots,https://imagedelivery.net/nVyft9zNw2I0pNVtrnC1zA/8529/public
,"4Squad","RedTiger",flash,https://imagedelivery.net/nVyft9zNw2I0pNVtrnC1zA/1197/public
,"5 Boxing","CQ9",Slots,https://imagedelivery.net/nVyft9zNw2I0pNVtrnC1zA/439/public
,"5 Card Poker","King Midas",Casino,https://imagedelivery.net/nVyft9zNw2I0pNVtrnC1zA/6791/public
,"5 Doggy Dollars","RelaxGaming",flash,https://imagedelivery.net/nVyft9zNw2I0pNVtrnC1zA/1198/public
,"5 Families","RedTiger",flash,https://imagedelivery.net/nVyft9zNw2I0pNVtrnC1zA/1199/public
,"5 Families","RedTiger（Asia）",Slots,https://imagedelivery.net/nVyft9zNw2I0pNVtrnC1zA/8389/public
,"5 Five Cricket","MAC 88",Live,https://igamingapis.com/img/11522.png
,"5 Fortunator","Playson",flash,https://imagedelivery.net/nVyft9zNw2I0pNVtrnC1zA/1200/public
,"5 Fortune Dragons","SG",Slot,https://igamingapis.com/img/12804.png
,"5 Fortune SA","SG",Slot,https://igamingapis.com/img/12850.png
,"5 Fortune Stars","NextSpin",flash,https://igamingapis.com/img/1201.png
,"5 Frozen Charms Megaways","PragmaticPlay-EU",HotSlots,https://imagedelivery.net/nVyft9zNw2I0pNVtrnC1zA/4652/public
,"5 Frozen Charms Megaways","PragmaticPlay-Asia",HotSlots,https://imagedelivery.net/nVyft9zNw2I0pNVtrnC1zA/5218/public
,"5 Fruit Invaders","Amigo",Slot,https://imagedelivery.net/nVyft9zNw2I0pNVtrnC1zA/10004/public
,"5 God Beasts","CQ9",flash,https://imagedelivery.net/nVyft9zNw2I0pNVtrnC1zA/520/public
,"5 Heroes","KA",Video Slot,https://igamingapis.com/img/11311.png
,"5 Lions","PragmaticPlay-EU",Slot,https://imagedelivery.net/nVyft9zNw2I0pNVtrnC1zA/4946/public
,"5 Lions","PragmaticPlay-Asia",HotSlots,https://imagedelivery.net/nVyft9zNw2I0pNVtrnC1zA/5568/public
,"5 Lions Dance","PragmaticPlay-EU",HotSlots,https://imagedelivery.net/nVyft9zNw2I0pNVtrnC1zA/4875/public
,"5 Lions Dance","PragmaticPlay-Asia",HotSlots,https://imagedelivery.net/nVyft9zNw2I0pNVtrnC1zA/5492/public
,"5 Lions Gold","PragmaticPlay-Asia",HotSlots,https://imagedelivery.net/nVyft9zNw2I0pNVtrnC1zA/5542/public
,"5 Lions Gold","PragmaticPlay-EU",HotSlots,https://imagedelivery.net/nVyft9zNw2I0pNVtrnC1zA/4924/public
,"5 Lions Megaways","PragmaticPlay-EU",HotSlots,https://imagedelivery.net/nVyft9zNw2I0pNVtrnC1zA/4837/public
,"5 Lions Megaways","EVO888H5",Slot,https://igamingapis.com/img/12504.png
,"5 Lions Megaways","PragmaticPlay-Asia",HotSlots,https://igamingapis.com/img/5450.png
,"5 Lions Megaways 2","PragmaticPlay-EU",HotSlots,https://imagedelivery.net/nVyft9zNw2I0pNVtrnC1zA/4522/public
,"5 Lions Megaways 2","PragmaticPlay-Asia",HotSlots,https://imagedelivery.net/nVyft9zNw2I0pNVtrnC1zA/5071/public
,"5 Lions Reborn","PragmaticPlay-EU",HotSlots,https://imagedelivery.net/nVyft9zNw2I0pNVtrnC1zA/4509/public
,"5 Lions Reborn","PragmaticPlay-Asia",HotSlots,https://imagedelivery.net/nVyft9zNw2I0pNVtrnC1zA/5057/public
,"5 Lucky Lions","Habanero",flash,https://imagedelivery.net/nVyft9zNw2I0pNVtrnC1zA/1202/public
,"5 Mariachis","Habanero",flash,https://imagedelivery.net/nVyft9zNw2I0pNVtrnC1zA/1203/public
,"5 Monsters","RelaxGaming",flash,https://imagedelivery.net/nVyft9zNw2I0pNVtrnC1zA/1204/public
,"5 Rabbits Megaways","PragmaticPlay-Asia",HotSlots,https://igamingapis.com/img/5321.png
,"5 Rabbits Megaways™","EVO888H5",Slot,https://igamingapis.com/img/12530.png
,"5 Reel Drive","Microgaming",Slots,https://imagedelivery.net/nVyft9zNw2I0pNVtrnC1zA/856/public
,"5 Star Knockout","Microgaming",Slots,https://imagedelivery.net/nVyft9zNw2I0pNVtrnC1zA/574/public
,"5 Super Sevens & Fruits","Playson",flash,https://imagedelivery.net/nVyft9zNw2I0pNVtrnC1zA/1205/public
,"5 Wukong","EpicWin",flash,https://imagedelivery.net/nVyft9zNw2I0pNVtrnC1zA/1206/public
,"568win Sportsbook","SBO",Sports,https://imagedelivery.net/nVyft9zNw2I0pNVtrnC1zA/7464/public
,"5D Lottery 1","MAC 88",Virtual,https://igamingapis.com/img/11471.png
,"5D Lottery 10","MAC 88",Virtual,https://igamingapis.com/img/11468.png
,"5D Lottery 3","MAC 88",Virtual,https://igamingapis.com/img/11470.png
,"5D Lottery 5","MAC 88",Virtual,https://igamingapis.com/img/11469.png
,"5PK","BtGaming",flash,https://imagedelivery.net/nVyft9zNw2I0pNVtrnC1zA/1207/public
,"5X Diamond 7","YGRGaming",flash,https://igamingapis.com/img/1208.png
,"5x Magic","PlaynGo",flash,https://imagedelivery.net/nVyft9zNw2I0pNVtrnC1zA/1209/public
,"6 Jokers","PragmaticPlay-Asia",HotSlots,https://imagedelivery.net/nVyft9zNw2I0pNVtrnC1zA/5141/public
,"6 Jokers","PragmaticPlay-EU",HotSlots,https://imagedelivery.net/nVyft9zNw2I0pNVtrnC1zA/4589/public
,"6 Player Poker","MAC 88",Poker,https://igamingapis.com/img/11516.png
,"6 Toros","CQ9",Slots,https://imagedelivery.net/nVyft9zNw2I0pNVtrnC1zA/341/public
,"6 Wild Sharks","RelaxGaming",flash,https://imagedelivery.net/nVyft9zNw2I0pNVtrnC1zA/1210/public
,"7 Bonus Up","Endorphina",Slot,https://igamingapis.com/img/12440.png
,"7 Clovers of Fortune","PragmaticPlay-EU",HotSlots,https://imagedelivery.net/nVyft9zNw2I0pNVtrnC1zA/4558/public
,"7 Clovers of Fortune","PragmaticPlay-Asia",HotSlots,https://imagedelivery.net/nVyft9zNw2I0pNVtrnC1zA/5108/public
,"7 Dragons","NextSpin",flash,https://igamingapis.com/img/1211.png
,"7 Elements","RelaxGaming",flash,https://imagedelivery.net/nVyft9zNw2I0pNVtrnC1zA/1212/public
,"7 Monkeys","PragmaticPlay-Asia",HotSlots,https://igamingapis.com/img/5611.png
,"7 Monkeys","PragmaticPlay-EU",HotSlots,https://imagedelivery.net/nVyft9zNw2I0pNVtrnC1zA/4987/public
,"7 Piggies","PragmaticPlay-Asia",HotSlots,https://imagedelivery.net/nVyft9zNw2I0pNVtrnC1zA/5583/public
,"7 Piggies","PragmaticPlay-EU",HotSlots,https://imagedelivery.net/nVyft9zNw2I0pNVtrnC1zA/4961/public
,"7 Sinners","KA",Video Slot,https://igamingapis.com/img/11206.png
,"7 Sins","PlaynGo",flash,https://imagedelivery.net/nVyft9zNw2I0pNVtrnC1zA/1213/public
,"7 Up 7 Down","King Midas",Casino,https://imagedelivery.net/nVyft9zNw2I0pNVtrnC1zA/6771/public
,"7 Up 7 Down Rush","King Midas",Casino,https://imagedelivery.net/nVyft9zNw2I0pNVtrnC1zA/6843/public
,"7 Up Down","Aura Gaming",Casino Live,https://igamingapis.com/img/12921.png
,"7 Up Down","Funky Games",Arcade,https://igamingapis.com/img/13091.png
,"7 UP DOWN","2J",flash,https://imagedelivery.net/nVyft9zNw2I0pNVtrnC1zA/1214/public
,"7 Up Down","GAMINGSOFT-WOW",Table,https://igamingapis.com/img/12739.png
,"7 Up Down","Aura Gaming",Casino Live,https://igamingapis.com/img/12897.png
,"7 Up Down Fast","Aura Gaming",Casino Live,https://igamingapis.com/img/12891.png
,"7 UP-DOWN","JILI",Table,https://imagedelivery.net/nVyft9zNw2I0pNVtrnC1zA/10492/public
,"777","CQ9",Slots,https://imagedelivery.net/nVyft9zNw2I0pNVtrnC1zA/373/public
,"777 Blazing 2 Bonus Strike","Funky Games",Slot,https://igamingapis.com/img/13130.png
,"777 Blazing 3 Golden","Funky Games",Slot,https://igamingapis.com/img/13151.png
,"777 Blazing Classic","Funky Games",Slot,https://igamingapis.com/img/13131.png
,"777 Blazing Hold and Win","Funky Games",Slot,https://igamingapis.com/img/13140.png
,"777 Blazing Hold and Win","PgsGaming",Slots,https://igamingapis.com/img/7065.png
,"777 Coins","3Oaks (BNG)",Slots,https://imagedelivery.net/nVyft9zNw2I0pNVtrnC1zA/7129/public
,"777 FRUIT","2J",flash,https://imagedelivery.net/nVyft9zNw2I0pNVtrnC1zA/1215/public
,"777 Gems Fusion Reels","KA",Video Slot,https://igamingapis.com/img/11200.png
,"777 Mega Deluxe","Microgaming",flash,https://imagedelivery.net/nVyft9zNw2I0pNVtrnC1zA/1216/public
,"777 More Cash","YGRGaming",flash,https://igamingapis.com/img/1217.png
,"777 Royal Wheel","Microgaming",Slots,https://imagedelivery.net/nVyft9zNw2I0pNVtrnC1zA/220/public
,"777 Rush","PragmaticPlay-Asia",HotSlots,https://imagedelivery.net/nVyft9zNw2I0pNVtrnC1zA/5639/public
,"777 Strike","RedTiger",flash,https://imagedelivery.net/nVyft9zNw2I0pNVtrnC1zA/1218/public
,"777 Strike","RedTiger（Asia）",Slots,https://imagedelivery.net/nVyft9zNw2I0pNVtrnC1zA/8386/public
,"777 Super BIG BuildUp Deluxe","Microgaming",flash,https://igamingapis.com/img/1219.png
,"777 Super Strike","RedTiger（Asia）",Slots,https://imagedelivery.net/nVyft9zNw2I0pNVtrnC1zA/8526/public
,"777 Surge","Microgaming",Slots,https://imagedelivery.net/nVyft9zNw2I0pNVtrnC1zA/481/public
,"777-CLASSIC STYLE","BtGaming",flash,https://imagedelivery.net/nVyft9zNw2I0pNVtrnC1zA/1220/public
,"7s and Diamonds","GameArt",Slots,https://imagedelivery.net/nVyft9zNw2I0pNVtrnC1zA/6157/public
,"7Up 7Down","topbet",Slot,https://igamingapis.com/img/12128.png
,"7up7down","TADAGaming",flash,https://imagedelivery.net/nVyft9zNw2I0pNVtrnC1zA/131/public
,"7up7down","JILI",flash,https://imagedelivery.net/nVyft9zNw2I0pNVtrnC1zA/264/public
,"8 Dragons","PragmaticPlay-EU",HotSlots,https://imagedelivery.net/nVyft9zNw2I0pNVtrnC1zA/4969/public
,"8 Dragons","PragmaticPlay-Asia",HotSlots,https://igamingapis.com/img/5590.png
,"8 Golden Dragon Challenge","PragmaticPlay-Asia",HotSlots,https://imagedelivery.net/nVyft9zNw2I0pNVtrnC1zA/5245/public
,"8 Golden Dragon Challenge","PragmaticPlay-EU",HotSlots,https://imagedelivery.net/nVyft9zNw2I0pNVtrnC1zA/4671/public
,"8 Tigers Gold Megaways","Skywind",flash,https://imagedelivery.net/nVyft9zNw2I0pNVtrnC1zA/1221/public
,"8 Treasures 1 Queen","Skywind",flash,https://imagedelivery.net/nVyft9zNw2I0pNVtrnC1zA/1222/public
,"8-Bit Quest","Hacksaw World",Slot,https://imagedelivery.net/nVyft9zNw2I0pNVtrnC1zA/10895/public
,"80s Spins","RedTiger（Asia）",Slots,https://imagedelivery.net/nVyft9zNw2I0pNVtrnC1zA/8520/public
,"81 Burning Ways","Endorphina",Slot,https://igamingapis.com/img/12305.png
,"88 Fortunes","Rich88",flash,https://igamingapis.com/img/1223.png
,"88 Riches","GameArt",Slots,https://imagedelivery.net/nVyft9zNw2I0pNVtrnC1zA/6158/public
,"88 Shi fu","Skywind",flash,https://imagedelivery.net/nVyft9zNw2I0pNVtrnC1zA/1225/public
,"888","SG",Slot,https://igamingapis.com/img/12759.png
,"888","CQ9",Slots,https://imagedelivery.net/nVyft9zNw2I0pNVtrnC1zA/514/public
,"888 Bonanza","PragmaticPlay-Asia",HotSlots,https://igamingapis.com/img/5231.png
,"888 Cai Shen","CQ9",Slots,https://imagedelivery.net/nVyft9zNw2I0pNVtrnC1zA/180/public
,"888 Dragons","PragmaticPlay-EU",HotSlots,https://imagedelivery.net/nVyft9zNw2I0pNVtrnC1zA/4967/public
,"888 Dragons","PragmaticPlay-Asia",MiniGames,https://imagedelivery.net/nVyft9zNw2I0pNVtrnC1zA/5584/public
,"888 Gold","PragmaticPlay-Asia",HotSlots,https://imagedelivery.net/nVyft9zNw2I0pNVtrnC1zA/5118/public
,"888 Gold","PragmaticPlay-EU",HotSlots,https://imagedelivery.net/nVyft9zNw2I0pNVtrnC1zA/4560/public
,"88_Golden_Fortunes","King Midas - One Gaming",Slots,https://imagedelivery.net/nVyft9zNw2I0pNVtrnC1zA/6869/public
,"88_Golden_Fortunes","OneGaming",flash,https://igamingapis.com/img/1226.png
,"88_Treasures","OneGaming",flash,https://igamingapis.com/img/1227.png
,"88_Treasures","King Midas - One Gaming",Slots,https://imagedelivery.net/nVyft9zNw2I0pNVtrnC1zA/6865/public
,"9 Circles of Hell","Amigo",Slot,https://imagedelivery.net/nVyft9zNw2I0pNVtrnC1zA/9943/public
,"9 Enchanted Beans","Microgaming",flash,https://igamingapis.com/img/1229.png
,"9 Happy Pharaohs","Playson",flash,https://imagedelivery.net/nVyft9zNw2I0pNVtrnC1zA/1228/public
,"9 Masks of Fire","Microgaming",flash,https://igamingapis.com/img/1230.png
,"9 Masks of Fire HyperSpins","Microgaming",flash,https://igamingapis.com/img/1231.png
,"9 Pots of Gold","Microgaming",Slots,https://imagedelivery.net/nVyft9zNw2I0pNVtrnC1zA/15/public
,"9 Pots of Gold Megaways","Microgaming",flash,https://igamingapis.com/img/1233.png
,"9 Sons 1 King","Skywind",flash,https://imagedelivery.net/nVyft9zNw2I0pNVtrnC1zA/1232/public
,"9game Game Lobby","9game",Slot,https://igamingapis.com/img/13055.png
,"9K Kong in Vegas","RelaxGaming",flash,https://imagedelivery.net/nVyft9zNw2I0pNVtrnC1zA/1234/public
,"9Wicket","9wickets",Sports,https://igamingapis.com/img/11539.png
,"9x Monkey Lock 2 Spin","KA",Video Slot,https://igamingapis.com/img/11159.png
,"A Dark Matter","Microgaming",Slots,https://imagedelivery.net/nVyft9zNw2I0pNVtrnC1zA/1085/public
,"A Night Out","Playtech",flash,https://imagedelivery.net/nVyft9zNw2I0pNVtrnC1zA/1235/public
,"A Tale of Elves","Microgaming",Slots,https://imagedelivery.net/nVyft9zNw2I0pNVtrnC1zA/1018/public
,"AbraCatDabra","Microgaming",flash,https://imagedelivery.net/nVyft9zNw2I0pNVtrnC1zA/1236/public
,"Abrakadabra","RelaxGaming",flash,https://imagedelivery.net/nVyft9zNw2I0pNVtrnC1zA/1237/public
,"Absolutely Mammoth","Playtech",flash,https://imagedelivery.net/nVyft9zNw2I0pNVtrnC1zA/1238/public
,"Absolutely Mammoth PowerPlay Jackpot","Playtech",flash,https://imagedelivery.net/nVyft9zNw2I0pNVtrnC1zA/1240/public
,"Ace Heist","Ag",Slot,https://igamingapis.com/img/11694.png
,"Ace Heist","PlayAce(AgGaming)",Slots,https://igamingapis.com/img/6916.png
,"Ace Master","Vplus",Slot,https://igamingapis.com/img/8702.png
,"Ace of Spades","PlaynGo",flash,https://imagedelivery.net/nVyft9zNw2I0pNVtrnC1zA/1241/public
,"Ace Round","Evoplay",flash,https://imagedelivery.net/nVyft9zNw2I0pNVtrnC1zA/1242/public
,"Aces & Eights 1 Hand","Habanero",flash,https://imagedelivery.net/nVyft9zNw2I0pNVtrnC1zA/1239/public
,"Aces & Eights 10 Hand","Habanero",flash,https://imagedelivery.net/nVyft9zNw2I0pNVtrnC1zA/1243/public
,"Aces & Eights 100 Hand","Habanero",flash,https://imagedelivery.net/nVyft9zNw2I0pNVtrnC1zA/1244/public
,"Aces & Eights 5 Hand","Habanero",flash,https://imagedelivery.net/nVyft9zNw2I0pNVtrnC1zA/1245/public
,"Aces & Eights 50 Hand","Habanero",flash,https://imagedelivery.net/nVyft9zNw2I0pNVtrnC1zA/1246/public
,"Aces and Eights","KA",Table/Poker,https://igamingapis.com/img/11282.png
,"Acrobatics","CQ9",Slots,https://imagedelivery.net/nVyft9zNw2I0pNVtrnC1zA/849/public
,"Acrobats","KA",Video Slot,https://igamingapis.com/img/11259.png
,"ActionOps: Snow and Sable","Microgaming",flash,https://imagedelivery.net/nVyft9zNw2I0pNVtrnC1zA/1247/public
,"Admiral Wilds","18Peaches",Slot,https://igamingapis.com/img/13034.png
,"Adrenaline Rush","Evoplay",instant game,https://imagedelivery.net/nVyft9zNw2I0pNVtrnC1zA/10423/public
,"Adrenaline Rush: Scratch","Evoplay",instant game,https://imagedelivery.net/nVyft9zNw2I0pNVtrnC1zA/10464/public
,"Adrenaline Rush: Super Boost","Evoplay",video slot,https://imagedelivery.net/nVyft9zNw2I0pNVtrnC1zA/10378/public
,"Advent of the Dragon","Live22",Slot,https://igamingapis.com/img/12995.png
,"Adventure Of Sinbad","EazyGaming",Slots,https://imagedelivery.net/nVyft9zNw2I0pNVtrnC1zA/5812/public
,"Adventure Palace","Microgaming",Slots,https://imagedelivery.net/nVyft9zNw2I0pNVtrnC1zA/1120/public
,"Adventure To The West","FAST SPIN",Slots,https://imagedelivery.net/nVyft9zNw2I0pNVtrnC1zA/7418/public
,"Adventures","Bgaming",Video Slot,https://imagedelivery.net/nVyft9zNw2I0pNVtrnC1zA/10371/public
,"Adventures Of Doubloon Island","Microgaming",Slots,https://imagedelivery.net/nVyft9zNw2I0pNVtrnC1zA/319/public
,"Adventures of Li Red 96","RubyPlay",Slot,https://igamingapis.com/img/9564.png
,"Aero","Turbogames World",MiniGames,https://igamingapis.com/img/7331.png
,"Aeronauts","Evoplay",flash,https://imagedelivery.net/nVyft9zNw2I0pNVtrnC1zA/1249/public
,"Africa X UP","Microgaming",flash,https://imagedelivery.net/nVyft9zNw2I0pNVtrnC1zA/1250/public
,"African Cats 96","RubyPlay",Slot,https://igamingapis.com/img/9568.png
,"African Elephant","PragmaticPlay-EU",HotSlots,https://imagedelivery.net/nVyft9zNw2I0pNVtrnC1zA/4707/public
,"African Elephant","PragmaticPlay-Asia",HotSlots,https://imagedelivery.net/nVyft9zNw2I0pNVtrnC1zA/5293/public
,"African Quest","Microgaming",Slot,https://imagedelivery.net/nVyft9zNw2I0pNVtrnC1zA/10268/public
,"African Spirit Sticky Wilds","3Oaks (BNG)",Slots,https://imagedelivery.net/nVyft9zNw2I0pNVtrnC1zA/7131/public
,"African Sunset","GameArt",Slots,https://imagedelivery.net/nVyft9zNw2I0pNVtrnC1zA/6159/public
,"African Sunset 2","GameArt",Slots,https://imagedelivery.net/nVyft9zNw2I0pNVtrnC1zA/6160/public
,"African Wilds","Microgaming",Slots,https://imagedelivery.net/nVyft9zNw2I0pNVtrnC1zA/10259/public
,"Age of Akkadia","RedTiger",flash,https://imagedelivery.net/nVyft9zNw2I0pNVtrnC1zA/1253/public
,"Age of Discovery","Microgaming",flash,https://imagedelivery.net/nVyft9zNw2I0pNVtrnC1zA/1256/public
,"Age of Egypt","Playtech",flash,https://imagedelivery.net/nVyft9zNw2I0pNVtrnC1zA/1252/public
,"Age Of Glory","Endorphina",Slot,https://igamingapis.com/img/12304.png
,"Age Of Seth","Hacksaw World",Slot,https://imagedelivery.net/nVyft9zNw2I0pNVtrnC1zA/10905/public
,"Age of the Gods God of Storms 2","Playtech",flash,https://imagedelivery.net/nVyft9zNw2I0pNVtrnC1zA/1255/public
,"Age of the Gods Norse: Gods and Giants","Playtech",flash,https://imagedelivery.net/nVyft9zNw2I0pNVtrnC1zA/1261/public
,"Age of the Gods: King of Olympus","Playtech",flash,https://imagedelivery.net/nVyft9zNw2I0pNVtrnC1zA/1274/public
,"Agent Ace","JILI",Slots,https://imagedelivery.net/nVyft9zNw2I0pNVtrnC1zA/634/public
,"Agent Destiny","PlaynGo",flash,https://imagedelivery.net/nVyft9zNw2I0pNVtrnC1zA/1285/public
,"Agent Jane Blonde","Microgaming",Slots,https://imagedelivery.net/nVyft9zNw2I0pNVtrnC1zA/941/public
,"Agent Royale","RedTiger",flash,https://imagedelivery.net/nVyft9zNw2I0pNVtrnC1zA/1287/public
,"AI City","EpicWin",flash,https://imagedelivery.net/nVyft9zNw2I0pNVtrnC1zA/1288/public
,"Air Combet","topbet",Crash,https://igamingapis.com/img/12119.png
,"Air Jet","100HP",Crash,https://imagedelivery.net/nVyft9zNw2I0pNVtrnC1zA/8771/public
,"Airwave Roulette","Microgaming",CasinoLive,https://imagedelivery.net/nVyft9zNw2I0pNVtrnC1zA/10205/public
,"AK47","JILI",flash,https://imagedelivery.net/nVyft9zNw2I0pNVtrnC1zA/324/public
,"Akbar Birbal","Endorphina",Slot,https://igamingapis.com/img/12387.png
,"Aladdin and the Sorcerer","PragmaticPlay-Asia",HotSlots,https://imagedelivery.net/nVyft9zNw2I0pNVtrnC1zA/5527/public
,"Aladdin's lamp","CQ9",Slots,https://imagedelivery.net/nVyft9zNw2I0pNVtrnC1zA/301/public
,"Aladdins Quest","GameArt",Slots,https://imagedelivery.net/nVyft9zNw2I0pNVtrnC1zA/6161/public
,"Alaskan Fishing","Microgaming",flash,https://imagedelivery.net/nVyft9zNw2I0pNVtrnC1zA/1290/public
,"Alchemist Wonders","Hacksaw World",Slot,https://imagedelivery.net/nVyft9zNw2I0pNVtrnC1zA/10882/public
,"Alchemy","RelaxGaming",flash,https://imagedelivery.net/nVyft9zNw2I0pNVtrnC1zA/1289/public
,"Alchemy Fortunes","Microgaming",Slots,https://imagedelivery.net/nVyft9zNw2I0pNVtrnC1zA/305/public
,"Alchemy Gold","PGSoft",Slots,https://imagedelivery.net/nVyft9zNw2I0pNVtrnC1zA/701/public
,"Alexander The Great","RedTiger（Asia）",Slots,https://imagedelivery.net/nVyft9zNw2I0pNVtrnC1zA/8285/public
,"Ali Baba","JILI",Slots,https://imagedelivery.net/nVyft9zNw2I0pNVtrnC1zA/931/public
,"Ali Babas Riches","GameArt",Slots,https://imagedelivery.net/nVyft9zNw2I0pNVtrnC1zA/6162/public
,"Alibaba","Ag",Slot,https://igamingapis.com/img/11738.png
,"Alice In Adventureland","RelaxGaming",flash,https://imagedelivery.net/nVyft9zNw2I0pNVtrnC1zA/1292/public
,"Alice In MegaLand","KA",Video Slot,https://igamingapis.com/img/11302.png
,"Alice in Wonderland","GAMINGSOFT-WOW",Slot,https://igamingapis.com/img/12721.png
,"Alice Run","CQ9",chess,https://imagedelivery.net/nVyft9zNw2I0pNVtrnC1zA/559/public
,"Alice WonderLuck","Bgaming",Video Slot,https://imagedelivery.net/nVyft9zNw2I0pNVtrnC1zA/10319/public
,"Alien Fruits","Bgaming",flash,https://imagedelivery.net/nVyft9zNw2I0pNVtrnC1zA/1293/public
,"Alien Fruits 2","Bgaming",flash,https://imagedelivery.net/nVyft9zNw2I0pNVtrnC1zA/1294/public
,"Alien Hunter","SG",Fish,https://igamingapis.com/img/12806.png
,"Alien Invaders","PragmaticPlay-Asia",HotSlots,https://imagedelivery.net/nVyft9zNw2I0pNVtrnC1zA/5638/public
,"Alien Smash","FAST SPIN",Slots,https://imagedelivery.net/nVyft9zNw2I0pNVtrnC1zA/7407/public
,"Alien Tour","KA",Video Slot,https://igamingapis.com/img/11133.png
,"Alive! Megaways","Skywind",flash,https://imagedelivery.net/nVyft9zNw2I0pNVtrnC1zA/1295/public
,"All American Poker 1 Hand","Habanero",flash,https://imagedelivery.net/nVyft9zNw2I0pNVtrnC1zA/1296/public
,"All For One","Habanero",flash,https://imagedelivery.net/nVyft9zNw2I0pNVtrnC1zA/1300/public
,"All for the Winner","BtGaming",flash,https://imagedelivery.net/nVyft9zNw2I0pNVtrnC1zA/1302/public
,"All Lucky Clover","Bgaming",flash,https://imagedelivery.net/nVyft9zNw2I0pNVtrnC1zA/1303/public
,"All Star Team","CQ9",Slots,https://imagedelivery.net/nVyft9zNw2I0pNVtrnC1zA/613/public
,"All Ways Luck","Endorphina",Slot,https://igamingapis.com/img/12319.png
,"All Wilds","CQ9",Slots,https://imagedelivery.net/nVyft9zNw2I0pNVtrnC1zA/867/public
,"ALL-IN POKER","2J",flash,https://imagedelivery.net/nVyft9zNw2I0pNVtrnC1zA/1308/public
,"All-star Fishing","JILI",Fishing,https://imagedelivery.net/nVyft9zNw2I0pNVtrnC1zA/728/public
,"All-Star Fruits","Bgaming",Video Slot,https://imagedelivery.net/nVyft9zNw2I0pNVtrnC1zA/10322/public
,"Almighty Athena Empire","Microgaming",flash,https://imagedelivery.net/nVyft9zNw2I0pNVtrnC1zA/1309/public
,"Almighty Dionysus Empire","Microgaming",Slots,https://imagedelivery.net/nVyft9zNw2I0pNVtrnC1zA/10164/public
,"Almighty Greek","King Midas",Slots,https://imagedelivery.net/nVyft9zNw2I0pNVtrnC1zA/6819/public
,"Almighty Sparta","Endorphina",Slot,https://igamingapis.com/img/12425.png
,"Almighty Zeus","iDeal",flash,https://imagedelivery.net/nVyft9zNw2I0pNVtrnC1zA/983/public
,"Aloha Fruit Punch","PgsGaming",Slots,https://igamingapis.com/img/7071.png
,"Aloha King Elvis","Bgaming",flash,https://imagedelivery.net/nVyft9zNw2I0pNVtrnC1zA/1312/public
,"Aloha! Christmas","Netent",flash,https://imagedelivery.net/nVyft9zNw2I0pNVtrnC1zA/1313/public
,"Aloha! Cluster Pays","Netent",flash,https://imagedelivery.net/nVyft9zNw2I0pNVtrnC1zA/1314/public
,"Alohawaii: Cash Collect","Playtech",flash,https://imagedelivery.net/nVyft9zNw2I0pNVtrnC1zA/1315/public
,"Alpha Eagle","Hacksaw World",Slot,https://imagedelivery.net/nVyft9zNw2I0pNVtrnC1zA/10770/public
,"Alter World","KA",Fish/Shooting,https://igamingapis.com/img/8809.png
,"Always Up!","Bgaming",Video Slot,https://imagedelivery.net/nVyft9zNw2I0pNVtrnC1zA/10356/public
,"Amar Akbar Anthony","JILI",Table,https://igamingapis.com/img/10517.png
,"Amazing Money Machine","PragmaticPlay-Asia",HotSlots,https://igamingapis.com/img/5456.png
,"Amazing Pharaoh","Microgaming",flash,https://igamingapis.com/img/1317.png
,"Amazing Thai Riverland","PSG",Slot,https://igamingapis.com/img/13383.png
,"Amazon - Lost Gold","Microgaming",flash,https://igamingapis.com/img/1318.png
,"Amazon Island Megaways","RedTiger（Asia）",Slots,https://igamingapis.com/img/8425.png
,"Amazon Kingdom","Microgaming",Slots,https://imagedelivery.net/nVyft9zNw2I0pNVtrnC1zA/933/public
,"Amazon Lady","Skywind",flash,https://imagedelivery.net/nVyft9zNw2I0pNVtrnC1zA/1319/public
,"Amazon Queen","PgsGaming",Slots,https://igamingapis.com/img/7035.png
,"American Baccarat","Habanero",flash,https://imagedelivery.net/nVyft9zNw2I0pNVtrnC1zA/1320/public
,"American Blackjack","PragmaticPlay-Asia",Casino,https://imagedelivery.net/nVyft9zNw2I0pNVtrnC1zA/5570/public
,"American Roulette","Evolution Live",CasinoLive,https://imagedelivery.net/nVyft9zNw2I0pNVtrnC1zA/6320/public
